{
  "ctdr": {
    "engine": "ctdr",
    "mode": "direct_gpu_dpx_lcp_index_top1",
    "n_candidates": 2000000,
    "max_len": 256,
    "prefix_len": 128,
    "shared_prefix_len": 128,
    "truth_mode": "unique_match",
    "n_queries": 79913,
    "run_seconds_target": 300.0,
    "warmup_s": 5.0,
    "max_latency_samples": 200000,
    "setup_time_s": 1.1809236559984129,
    "duration_s": 300.0006920679989,
    "latency_ms": {
      "avg": 3.7518850308130003,
      "p50": 3.742378999959328,
      "p95": 3.8425708004069747,
      "p99": 3.8824588793795556
    },
    "qps": 266.37605216552873,
    "energy": {
      "backend": "nvml",
      "energy_j": 38417.61021241088,
      "joules_per_query": 0.4807429355975984,
      "samples": 4438,
      "power_w_avg": 128.37838102748987,
      "power_w_max": 135.001,
      "temp_c_avg": 49.15325670498084,
      "temp_c_max": 57.0,
      "gpu_util_pct_avg": 98.96213657876945,
      "gpu_util_pct_max": 99.0,
      "metadata": {
        "power_limit_w": 350.0,
        "name": "NVIDIA H100 PCIe"
      }
    },
    "accuracy": {
      "match_row": 7,
      "top1_correct": 79913,
      "top1_accuracy": 1.0
    },
    "correctness_proxy": {
      "best_lcp_max": 256,
      "best_lcp_avg": 256.0,
      "expected_match_row": 7
    },
    "ctdr_python_file": "/root/tech-eldorado-infrastructure/prototypes/prototype_ctdr/build/ctdr_python.cpython-310-x86_64-linux-gnu.so"
  },
  "vector": {
    "engine": "vector_scan",
    "mode": "gpu_vector_scan_cosine_fp32_chunked",
    "n_candidates": 2000000,
    "max_len": 256,
    "prefix_len": 128,
    "shared_prefix_len": 128,
    "truth_mode": "unique_match",
    "n_queries": 195310,
    "run_seconds_target": 300.0,
    "warmup_s": 5.0,
    "max_latency_samples": 200000,
    "setup_time_s": 0.45834579700022005,
    "duration_s": 300.0004650110004,
    "latency_ms": {
      "avg": 1.5346258081665962,
      "p50": 1.5333804994952516,
      "p95": 1.5448469995135383,
      "p99": 1.557646999572171
    },
    "qps": 651.0323242093588,
    "energy": {
      "backend": "nvml",
      "energy_j": 84776.65343534436,
      "joules_per_query": 0.43406202158283935,
      "samples": 6088,
      "power_w_avg": 282.9983061760841,
      "power_w_max": 286.137,
      "temp_c_avg": 60.317726301954984,
      "temp_c_max": 62.0,
      "gpu_util_pct_avg": 96.57466732380483,
      "gpu_util_pct_max": 98.0,
      "metadata": {
        "power_limit_w": 350.0,
        "name": "NVIDIA H100 PCIe"
      }
    },
    "accuracy": {
      "match_row": 7,
      "top1_correct": 195310,
      "top1_accuracy": 1.0
    },
    "correctness_proxy": {
      "best_lcp_max": 0,
      "best_lcp_avg": 0.0,
      "expected_match_row": 7
    },
    "ctdr_python_file": null
  },
  "ratios": {
    "qps_ctdr_over_vector": 0.4091594875708009,
    "lat_p95_vector_over_ctdr": 0.4020347521898413,
    "joules_per_query_vector_over_ctdr": 0.9028983879779091,
    "power_w_avg_vector_over_ctdr": 2.204407813146399,
    "temp_c_avg_vector_over_ctdr": 1.227135908084048
  },
  "notes": {
    "baseline": "vector_scan is GPU brute-force cosine similarity on float32 vectors (chunked), not semantic embeddings.",
    "truth_mode": "unique_match enforces one exact match row (top-1 correctness measurable)."
  }
}