{
  "a2a": {
    "num_handoffs": 100,
    "avg_latency_ms": 0.012773089989650543,
    "p95_latency_ms": 0.016974950005987907,
    "max_latency_ms": 0.047262000066439214,
    "meets_target": "True",
    "agent1_stats": {
      "agent_id": "agent_1",
      "sent_count": 100,
      "received_count": 100,
      "queue_size": 100,
      "handoff_count": 100,
      "avg_handoff_latency_ms": 0.005943775177001953,
      "max_handoff_latency_ms": 0.03170967102050781,
      "meets_latency_target": true
    },
    "agent2_stats": {
      "agent_id": "agent_2",
      "sent_count": 100,
      "received_count": 100,
      "queue_size": 100,
      "handoff_count": 0,
      "avg_handoff_latency_ms": 0.0,
      "max_handoff_latency_ms": 0.0,
      "meets_latency_target": true
    }
  },
  "rep": {
    "tests": [
      {
        "test": "similar_agents",
        "consensus": 0.49714893102829155,
        "divergence": 0.038285519864673996,
        "time_ms": 0.18261399998209527,
        "iterations": 1
      },
      {
        "test": "diverse_agents",
        "consensus": null,
        "divergence": 0.423243443581994,
        "time_ms": 0.27393000004849455,
        "iterations": 5
      }
    ],
    "similar_found_consensus": true,
    "diverse_behavior_correct": true
  },
  "blame": {
    "total_operations": 100,
    "error_count": 20,
    "successful_recoveries": 20,
    "failed_recoveries": 0,
    "self_healing_rate": 1.0,
    "meets_target": true,
    "target": 0.9,
    "recovery_details": [
      {
        "success": true,
        "action": "dhm_index_reload_and_retry",
        "time_ms": 0.8411407470703125
      },
      {
        "success": true,
        "action": "dhm_index_reload_and_retry",
        "time_ms": 0.24580955505371094
      },
      {
        "success": true,
        "action": "dhm_index_reload_and_retry",
        "time_ms": 0.23865699768066406
      },
      {
        "success": true,
        "action": "dhm_index_reload_and_retry",
        "time_ms": 0.23627281188964844
      },
      {
        "success": true,
        "action": "dhm_index_reload_and_retry",
        "time_ms": 0.24962425231933594
      },
      {
        "success": true,
        "action": "dhm_index_reload_and_retry",
        "time_ms": 0.24080276489257812
      },
      {
        "success": true,
        "action": "dhm_index_reload_and_retry",
        "time_ms": 0.23651123046875
      },
      {
        "success": true,
        "action": "dhm_index_reload_and_retry",
        "time_ms": 0.23865699768066406
      },
      {
        "success": true,
        "action": "dhm_index_reload_and_retry",
        "time_ms": 0.23794174194335938
      },
      {
        "success": true,
        "action": "dhm_index_reload_and_retry",
        "time_ms": 0.2505779266357422
      }
    ],
    "blame_stats": {
      "total_operations": 100,
      "error_count": 20,
      "successful_recoveries": 20,
      "failed_recoveries": 0,
      "self_healing_rate": 1.0,
      "meets_target": true,
      "target": 0.9,
      "components_connected": {
        "dhm": true,
        "rla_stack": true,
        "a2a": false
      }
    }
  },
  "integrated": {
    "tasks_attempted": 50,
    "tasks_successful": 50,
    "success_rate": 1.0,
    "errors_recovered": 0,
    "blame_stats": {
      "total_operations": 50,
      "error_count": 0,
      "successful_recoveries": 0,
      "failed_recoveries": 0,
      "self_healing_rate": 1.0,
      "meets_target": true,
      "target": 0.9,
      "components_connected": {
        "dhm": true,
        "rla_stack": true,
        "a2a": true
      }
    }
  },
  "checkpoint": {
    "a2a_pass": "True",
    "rep_pass": true,
    "blame_pass": true,
    "all_pass": true
  }
}