{
  "compression": {
    "results": [
      {
        "matrix_size": "768x768",
        "m": 768,
        "n": 768,
        "rank_ratio": 0.2,
        "rank": 153,
        "compression_ratio": 2.5081709977419724,
        "reconstruction_error": 0.3057565689086914,
        "original_params": 589824,
        "compressed_params": 235161
      },
      {
        "matrix_size": "768x768",
        "m": 768,
        "n": 768,
        "rank_ratio": 0.1,
        "rank": 76,
        "compression_ratio": 5.049344245454234,
        "reconstruction_error": 0.5998808145523071,
        "original_params": 589824,
        "compressed_params": 116812
      },
      {
        "matrix_size": "768x768",
        "m": 768,
        "n": 768,
        "rank_ratio": 0.05,
        "rank": 38,
        "compression_ratio": 10.098688490908469,
        "reconstruction_error": 0.7768269181251526,
        "original_params": 589824,
        "compressed_params": 58406
      },
      {
        "matrix_size": "768x768",
        "m": 768,
        "n": 768,
        "rank_ratio": 0.02,
        "rank": 15,
        "compression_ratio": 25.58334417696812,
        "reconstruction_error": 0.9035319089889526,
        "original_params": 589824,
        "compressed_params": 23055
      },
      {
        "matrix_size": "1024x1024",
        "m": 1024,
        "n": 1024,
        "rank_ratio": 0.2,
        "rank": 204,
        "compression_ratio": 2.508579029464397,
        "reconstruction_error": 0.3069663643836975,
        "original_params": 1048576,
        "compressed_params": 417996
      },
      {
        "matrix_size": "1024x1024",
        "m": 1024,
        "n": 1024,
        "rank_ratio": 0.1,
        "rank": 102,
        "compression_ratio": 5.017158058928794,
        "reconstruction_error": 0.5968438386917114,
        "original_params": 1048576,
        "compressed_params": 208998
      },
      {
        "matrix_size": "1024x1024",
        "m": 1024,
        "n": 1024,
        "rank_ratio": 0.05,
        "rank": 51,
        "compression_ratio": 10.034316117857587,
        "reconstruction_error": 0.7760844826698303,
        "original_params": 1048576,
        "compressed_params": 104499
      },
      {
        "matrix_size": "1024x1024",
        "m": 1024,
        "n": 1024,
        "rank_ratio": 0.02,
        "rank": 20,
        "compression_ratio": 25.587506100536846,
        "reconstruction_error": 0.9030891060829163,
        "original_params": 1048576,
        "compressed_params": 40980
      },
      {
        "matrix_size": "2048x2048",
        "m": 2048,
        "n": 2048,
        "rank_ratio": 0.2,
        "rank": 409,
        "compression_ratio": 2.503056383912613,
        "reconstruction_error": 0.30502915382385254,
        "original_params": 4194304,
        "compressed_params": 1675673
      },
      {
        "matrix_size": "2048x2048",
        "m": 2048,
        "n": 2048,
        "rank_ratio": 0.1,
        "rank": 204,
        "compression_ratio": 5.018382652060092,
        "reconstruction_error": 0.5958544611930847,
        "original_params": 4194304,
        "compressed_params": 835788
      },
      {
        "matrix_size": "2048x2048",
        "m": 2048,
        "n": 2048,
        "rank_ratio": 0.05,
        "rank": 102,
        "compression_ratio": 10.036765304120184,
        "reconstruction_error": 0.7756011486053467,
        "original_params": 4194304,
        "compressed_params": 417894
      },
      {
        "matrix_size": "2048x2048",
        "m": 2048,
        "n": 2048,
        "rank_ratio": 0.02,
        "rank": 40,
        "compression_ratio": 25.59375152550647,
        "reconstruction_error": 0.9029482007026672,
        "original_params": 4194304,
        "compressed_params": 163880
      },
      {
        "matrix_size": "4096x4096",
        "m": 4096,
        "n": 4096,
        "rank_ratio": 0.2,
        "rank": 819,
        "compression_ratio": 2.5003052875627025,
        "reconstruction_error": 0.305229514837265,
        "original_params": 16777216,
        "compressed_params": 6710067
      },
      {
        "matrix_size": "4096x4096",
        "m": 4096,
        "n": 4096,
        "rank_ratio": 0.1,
        "rank": 409,
        "compression_ratio": 5.006723790987416,
        "reconstruction_error": 0.5955765247344971,
        "original_params": 16777216,
        "compressed_params": 3350937
      },
      {
        "matrix_size": "4096x4096",
        "m": 4096,
        "n": 4096,
        "rank_ratio": 0.05,
        "rank": 204,
        "compression_ratio": 10.037990345656144,
        "reconstruction_error": 0.7757900357246399,
        "original_params": 16777216,
        "compressed_params": 1671372
      },
      {
        "matrix_size": "4096x4096",
        "m": 4096,
        "n": 4096,
        "rank_ratio": 0.02,
        "rank": 81,
        "compression_ratio": 25.2808645742451,
        "reconstruction_error": 0.9024248123168945,
        "original_params": 16777216,
        "compressed_params": 663633
      },
      {
        "matrix_size": "4096x16384",
        "m": 4096,
        "n": 16384,
        "rank_ratio": 0.2,
        "rank": 819,
        "compression_ratio": 4.000781450320047,
        "reconstruction_error": 0.35976308584213257,
        "original_params": 67108864,
        "compressed_params": 16773939
      },
      {
        "matrix_size": "4096x16384",
        "m": 4096,
        "n": 16384,
        "rank_ratio": 0.1,
        "rank": 409,
        "compression_ratio": 8.011344762376819,
        "reconstruction_error": 0.6480092406272888,
        "original_params": 67108864,
        "compressed_params": 8376729
      },
      {
        "matrix_size": "4096x16384",
        "m": 4096,
        "n": 16384,
        "rank_ratio": 0.05,
        "rank": 204,
        "compression_ratio": 16.061960822608423,
        "reconstruction_error": 0.8111538887023926,
        "original_params": 67108864,
        "compressed_params": 4178124
      },
      {
        "matrix_size": "4096x16384",
        "m": 4096,
        "n": 16384,
        "rank_ratio": 0.02,
        "rank": 81,
        "compression_ratio": 40.452345775458255,
        "reconstruction_error": 0.9199148416519165,
        "original_params": 67108864,
        "compressed_params": 1658961
      }
    ],
    "best_compression": 40.452345775458255,
    "avg_compression": 12.044568994633732,
    "avg_error": 0.6533137559890747,
    "meets_target": true
  },
  "speedup": {
    "results": [
      {
        "matrix_size": "1024x1024",
        "batch_size": 1,
        "time_original_ms": 0.08389304999582237,
        "time_mpo_ms": 0.0502765700002783,
        "speedup": 1.6686311336544635,
        "rank": 102
      },
      {
        "matrix_size": "1024x1024",
        "batch_size": 16,
        "time_original_ms": 0.19933028999730595,
        "time_mpo_ms": 0.20758136999575072,
        "speedup": 0.9602513462618844,
        "rank": 102
      },
      {
        "matrix_size": "1024x1024",
        "batch_size": 64,
        "time_original_ms": 0.3209057899948675,
        "time_mpo_ms": 0.31034104000355,
        "speedup": 1.0340423876622848,
        "rank": 102
      },
      {
        "matrix_size": "1024x1024",
        "batch_size": 256,
        "time_original_ms": 0.877217479992396,
        "time_mpo_ms": 0.6658598300055019,
        "speedup": 1.3174206348881983,
        "rank": 102
      },
      {
        "matrix_size": "2048x2048",
        "batch_size": 1,
        "time_original_ms": 0.18451179001203855,
        "time_mpo_ms": 0.10497451999981422,
        "speedup": 1.75768167372773,
        "rank": 204
      },
      {
        "matrix_size": "2048x2048",
        "batch_size": 16,
        "time_original_ms": 0.4915494400120224,
        "time_mpo_ms": 0.496410060004564,
        "speedup": 0.9902084579178413,
        "rank": 204
      },
      {
        "matrix_size": "2048x2048",
        "batch_size": 64,
        "time_original_ms": 1.2262426499910362,
        "time_mpo_ms": 0.7046180799989088,
        "speedup": 1.7402940469437502,
        "rank": 204
      },
      {
        "matrix_size": "2048x2048",
        "batch_size": 256,
        "time_original_ms": 2.522485070003313,
        "time_mpo_ms": 1.9784365200030152,
        "speedup": 1.27498913637091,
        "rank": 204
      },
      {
        "matrix_size": "4096x4096",
        "batch_size": 1,
        "time_original_ms": 0.28234620000148425,
        "time_mpo_ms": 0.2600720499867748,
        "speedup": 1.085646073908527,
        "rank": 409
      },
      {
        "matrix_size": "4096x4096",
        "batch_size": 16,
        "time_original_ms": 1.2784796000050846,
        "time_mpo_ms": 0.769359660007467,
        "speedup": 1.6617450413148467,
        "rank": 409
      },
      {
        "matrix_size": "4096x4096",
        "batch_size": 64,
        "time_original_ms": 2.6805003700064844,
        "time_mpo_ms": 1.4710546700007399,
        "speedup": 1.8221623061807324,
        "rank": 409
      },
      {
        "matrix_size": "4096x4096",
        "batch_size": 256,
        "time_original_ms": 8.535816250005155,
        "time_mpo_ms": 3.7996086400016793,
        "speedup": 2.246498799939928,
        "rank": 409
      }
    ],
    "avg_speedup": 1.4632975865642581,
    "max_speedup": 2.246498799939928,
    "meets_target": true
  },
  "gpu": {
    "available": true,
    "device": "cuda",
    "results": [
      {
        "matrix_size": "1024x1024",
        "time_original_ms": 0.009980079994420521,
        "time_mpo_ms": 0.024015990002226317,
        "speedup": 0.4155597996791035,
        "rank": 102,
        "compression": 5.017158058928794
      },
      {
        "matrix_size": "2048x2048",
        "time_original_ms": 0.013431489987851819,
        "time_mpo_ms": 0.03350822998982039,
        "speedup": 0.4008415243637825,
        "rank": 204,
        "compression": 5.018382652060092
      },
      {
        "matrix_size": "4096x4096",
        "time_original_ms": 0.0157367799874919,
        "time_mpo_ms": 0.03465514999334118,
        "speedup": 0.4540964327240149,
        "rank": 409,
        "compression": 5.006723790987416
      }
    ],
    "avg_speedup": 0.4234992522556336
  },
  "accuracy": {
    "results": [
      {
        "rank_ratio": 0.5,
        "rank": 1024,
        "compression_ratio": 0.9997559189650964,
        "mse": 0.6041094064712524,
        "mae": 0.6192221641540527,
        "relative_error": 0.0012084519257768989,
        "accuracy": 0.9987915480742231
      },
      {
        "rank_ratio": 0.3,
        "rank": 614,
        "compression_ratio": 1.667345376254493,
        "mse": 1.742861270904541,
        "mae": 1.0519286394119263,
        "relative_error": 0.002052906434983015,
        "accuracy": 0.997947093565017
      },
      {
        "rank_ratio": 0.2,
        "rank": 409,
        "compression_ratio": 2.503056383912613,
        "mse": 2.7181472778320312,
        "mae": 1.315248966217041,
        "relative_error": 0.0025667930021882057,
        "accuracy": 0.9974332069978118
      },
      {
        "rank_ratio": 0.1,
        "rank": 204,
        "compression_ratio": 5.018382652060092,
        "mse": 4.139549255371094,
        "mae": 1.6240323781967163,
        "relative_error": 0.003169403877109289,
        "accuracy": 0.9968305961228907
      },
      {
        "rank_ratio": 0.05,
        "rank": 102,
        "compression_ratio": 10.036765304120184,
        "mse": 124756.5546875,
        "mae": 281.2349853515625,
        "relative_error": 0.5488482117652893,
        "accuracy": 0.4511517882347107
      },
      {
        "rank_ratio": 0.02,
        "rank": 40,
        "compression_ratio": 25.59375152550647,
        "mse": 273108.5625,
        "mae": 416.2481384277344,
        "relative_error": 0.8123350739479065,
        "accuracy": 0.1876649260520935
      },
      {
        "rank_ratio": 0.01,
        "rank": 20,
        "compression_ratio": 51.18750305101294,
        "mse": 334509.3125,
        "mae": 461.1129455566406,
        "relative_error": 0.8998916149139404,
        "accuracy": 0.10010838508605957
      }
    ],
    "optimal": {
      "rank_ratio": 0.1,
      "rank": 204,
      "compression_ratio": 5.018382652060092,
      "mse": 4.139549255371094,
      "mae": 1.6240323781967163,
      "relative_error": 0.003169403877109289,
      "accuracy": 0.9968305961228907
    },
    "target_met": true
  },
  "checkpoint": {
    "compression_pass": true,
    "speedup_pass": true,
    "accuracy_pass": true,
    "all_pass": true
  }
}