{
  "tensor_cores": {
    "results": [
      {
        "matrix_size": 4096,
        "duration_seconds": 5.018933296203613,
        "iterations": 1560,
        "tflops": 42.71919046592999,
        "avg_sm_utilization": 9.403846153846153,
        "max_sm_utilization": 11.0,
        "avg_power_watts": 113.49499999999999,
        "max_temperature_c": 31.0,
        "meets_sm_target": "False",
        "meets_sm_optimal": "False",
        "samples_collected": 156
      },
      {
        "matrix_size": 8192,
        "duration_seconds": 5.014017343521118,
        "iterations": 990,
        "tflops": 217.09468414678915,
        "avg_sm_utilization": 41.77777777777778,
        "max_sm_utilization": 44.0,
        "avg_power_watts": 248.94787878787872,
        "max_temperature_c": 36.0,
        "meets_sm_target": "False",
        "meets_sm_optimal": "False",
        "samples_collected": 99
      },
      {
        "matrix_size": 12288,
        "duration_seconds": 5.102817535400391,
        "iterations": 450,
        "tflops": 327.24730467043304,
        "avg_sm_utilization": 73.22222222222223,
        "max_sm_utilization": 83.0,
        "avg_power_watts": 330.38377777777777,
        "max_temperature_c": 39.0,
        "meets_sm_target": "True",
        "meets_sm_optimal": "False",
        "samples_collected": 45
      },
      {
        "matrix_size": 16384,
        "duration_seconds": 5.145492076873779,
        "iterations": 220,
        "tflops": 376.084626304873,
        "avg_sm_utilization": 87.45454545454545,
        "max_sm_utilization": 100.0,
        "avg_power_watts": 340.29545454545456,
        "max_temperature_c": 42.0,
        "meets_sm_target": "True",
        "meets_sm_optimal": "True",
        "samples_collected": 22
      }
    ],
    "best_config": {
      "matrix_size": 16384,
      "sm_utilization": 87.45454545454545,
      "tflops": 376.084626304873
    },
    "avg_sm_utilization": 52.96459790209791,
    "max_tflops": 376.084626304873,
    "meets_target": "False"
  },
  "fp8": {
    "results": [
      {
        "size": "2048x2048",
        "time_fp32_ms": 1.2171224600001551,
        "time_fp16_ms": 0.0464909799995894,
        "speedup_fp16": 26.17975486881336
      },
      {
        "size": "4096x4096",
        "time_fp32_ms": 3.7535090799997306,
        "time_fp16_ms": 0.3099712300002011,
        "speedup_fp16": 12.109217619962006
      }
    ],
    "avg_speedup_fp16": 19.144486244387686,
    "fp8_available": true
  },
  "memory": {
    "results": [
      {
        "size_gb": 0.5,
        "bandwidth_tbps": 1.6746456161552141,
        "efficiency_pct": 49.989421377767584
      },
      {
        "size_gb": 1.0,
        "bandwidth_tbps": 1.6285902758329176,
        "efficiency_pct": 48.61463509949008
      },
      {
        "size_gb": 2.0,
        "bandwidth_tbps": 1.698442969121763,
        "efficiency_pct": 50.6997901230377
      },
      {
        "size_gb": 4.0,
        "bandwidth_tbps": 1.701726361445891,
        "efficiency_pct": 50.7978018342057
      },
      {
        "size_gb": 8.0,
        "bandwidth_tbps": 1.6866053572435673,
        "efficiency_pct": 50.346428574434846
      },
      {
        "test": "vectorized_add",
        "size_gb": 4.0,
        "bandwidth_tbps": 1.851514936719049,
        "efficiency_pct": 55.26910258862833
      }
    ],
    "max_bandwidth_tbps": 1.851514936719049,
    "max_efficiency_pct": 55.26910258862833,
    "avg_efficiency_pct": 50.952863266260714,
    "theoretical_tbps": 3.35,
    "meets_target": true
  },
  "l2_cache": {
    "l2_hit_speedup": 1159.9521003742102,
    "matmul_cache_speedup": 2.7617517130278206,
    "best_speedup": 1159.9521003742102,
    "l2_effective": true
  },
  "integrated": {
    "num_queries": 100,
    "elapsed_seconds": 0.6000847816467285,
    "throughput_qps": 166.6431195365162,
    "avg_sm_utilization": 0.0,
    "avg_power_watts": 81.183,
    "max_temperature_c": 38.0,
    "components_used": [
      "DHM",
      "P-adic Attention",
      "MPO",
      "RLA Memoization"
    ]
  },
  "checkpoint": {
    "tensor_core_pass": "True",
    "memory_pass": true,
    "l2_cache_pass": true,
    "all_pass": true
  },
  "gpu_info": {
    "available": true,
    "name": "NVIDIA H100 PCIe",
    "memory_total": "81559 MiB",
    "driver_version": "550.163.01",
    "compute_capability": "9.0"
  }
}