{
  "timestamp": "2025-12-17 19:04:56",
  "gpu_available": true,
  "gpu_initial": {
    "power_w": 47.79,
    "temperature_c": 29.0,
    "memory_mb": 1.0,
    "utilization_pct": 0.0
  },
  "scaling": [
    {
      "n": 100,
      "standard_ops": "1.28e+06",
      "standard_memory_gb": 3.725290298461914e-05,
      "standard_feasible": true,
      "standard_theoretical_ms": 1.9104477611940298e-05,
      "padic_actual_ms": 3.4635066986083984,
      "padic_status": "completed",
      "theoretical_speedup": 5.515934939469377e-06
    },
    {
      "n": 1000,
      "standard_ops": "1.28e+08",
      "standard_memory_gb": 0.003725290298461914,
      "standard_feasible": true,
      "standard_theoretical_ms": 0.0019104477611940297,
      "padic_actual_ms": 5.321741104125977,
      "padic_status": "completed",
      "theoretical_speedup": 0.00035898923375149693
    },
    {
      "n": 5000,
      "standard_ops": "3.20e+09",
      "standard_memory_gb": 0.09313225746154785,
      "standard_feasible": true,
      "standard_theoretical_ms": 0.04776119402985075,
      "padic_actual_ms": 13.387918472290039,
      "padic_status": "completed",
      "theoretical_speedup": 0.0035674846787202663
    },
    {
      "n": 10000,
      "standard_ops": "1.28e+10",
      "standard_memory_gb": 0.3725290298461914,
      "standard_feasible": true,
      "standard_theoretical_ms": 0.191044776119403,
      "padic_actual_ms": 22.46689796447754,
      "padic_status": "completed",
      "theoretical_speedup": 0.008503389138165148
    },
    {
      "n": 50000,
      "standard_ops": "3.20e+11",
      "standard_memory_gb": 9.313225746154785,
      "standard_feasible": true,
      "standard_theoretical_ms": 4.776119402985075,
      "padic_actual_ms": 96.99201583862305,
      "padic_status": "completed",
      "theoretical_speedup": 0.049242397548800956
    },
    {
      "n": 100000,
      "standard_ops": "1.28e+12",
      "standard_memory_gb": 37.25290298461914,
      "standard_feasible": true,
      "standard_theoretical_ms": 19.1044776119403,
      "padic_actual_ms": 182.5845241546631,
      "padic_status": "completed",
      "theoretical_speedup": 0.10463360846375645
    },
    {
      "n": 500000,
      "standard_ops": "3.20e+13",
      "standard_memory_gb": 931.3225746154785,
      "standard_feasible": false,
      "standard_theoretical_ms": 477.6119402985075,
      "padic_actual_ms": 184.86642837524414,
      "padic_status": "completed",
      "speedup": "INFINITE (Standard OOM \u2014 physically impossible)"
    }
  ],
  "memoization": {
    "n_concepts": 10000,
    "cold_query_ms": 0.4649162292480469,
    "memoized_query_ms": 0.0005388259887695312,
    "speedup": 862.8318584070796,
    "memoization_works": "True"
  },
  "energy": {
    "comparisons": [
      {
        "n": 1000,
        "standard": {
          "n": 1000,
          "status": "completed",
          "time_ms": 9.958028793334961,
          "output_shape": [
            1000,
            64
          ],
          "gpu_power_before": 79.37,
          "gpu_power_after": 79.38,
          "gpu_temp_before": 30.0,
          "gpu_temp_after": 30.0
        },
        "padic": {
          "n": 1000,
          "n_queries": 100,
          "status": "completed",
          "insert_time_s": 0.0009682178497314453,
          "query_time_ms": 11.087894439697266,
          "avg_query_ms": 0.11087894439697266,
          "throughput_qps": 9018.844880230508,
          "gpu_power_before": 79.39,
          "gpu_power_after": 79.39,
          "gpu_temp_before": 30.0,
          "gpu_temp_after": 30.0,
          "gpu_available": true
        },
        "standard_energy_wh": 0.0002195745348930359,
        "padic_energy_wh": 0.0002445188721021016,
        "energy_ratio": 0.8979860450253919
      },
      {
        "n": 5000,
        "standard": {
          "n": 5000,
          "status": "completed",
          "time_ms": 118.30544471740723,
          "output_shape": [
            5000,
            64
          ],
          "gpu_power_before": 79.4,
          "gpu_power_after": 79.4,
          "gpu_temp_before": 30.0,
          "gpu_temp_after": 30.0
        },
        "padic": {
          "n": 5000,
          "n_queries": 100,
          "status": "completed",
          "insert_time_s": 0.004557132720947266,
          "query_time_ms": 24.52683448791504,
          "avg_query_ms": 0.2452683448791504,
          "throughput_qps": 4077.1669923109075,
          "gpu_power_before": 79.39,
          "gpu_power_after": 79.4,
          "gpu_temp_before": 30.0,
          "gpu_temp_after": 30.0,
          "gpu_available": true
        },
        "standard_energy_wh": 0.002609292308489482,
        "padic_energy_wh": 0.0005409529606501261,
        "energy_ratio": 4.823510542124756
      },
      {
        "n": 10000,
        "standard": {
          "n": 10000,
          "status": "completed",
          "time_ms": 325.82569122314453,
          "output_shape": [
            10000,
            64
          ],
          "gpu_power_before": 79.39,
          "gpu_power_after": 79.22,
          "gpu_temp_before": 30.0,
          "gpu_temp_after": 30.0
        },
        "padic": {
          "n": 10000,
          "n_queries": 100,
          "status": "completed",
          "insert_time_s": 0.009098529815673828,
          "query_time_ms": 42.5419807434082,
          "avg_query_ms": 0.42541980743408203,
          "throughput_qps": 2350.619276595268,
          "gpu_power_before": 79.22,
          "gpu_power_after": 79.26,
          "gpu_temp_before": 30.0,
          "gpu_temp_after": 30.0,
          "gpu_available": true
        },
        "standard_energy_wh": 0.007169975349638197,
        "padic_energy_wh": 0.0009366326093673708,
        "energy_ratio": 7.655056292008678
      }
    ]
  },
  "accuracy": {
    "standard": "floating_point_errors_accumulate",
    "padic": "exact_integer_lcp",
    "information_loss_pct": 0
  },
  "gpu_final": {
    "power_w": 79.26,
    "temperature_c": 30.0,
    "memory_mb": 584.0,
    "utilization_pct": 0.0
  }
}