{
  "timestamp": "2025-12-17 07:29:28",
  "checkpoint": "CP-2.1",
  "cpu": {
    "mode": "cpu",
    "num_concepts": 10000,
    "num_queries": 100,
    "insert_time_s": 0.027961015701293945,
    "insert_throughput": 357640.799133675,
    "avg_latency_ms": 0.4261016845703125,
    "p50_latency_ms": 0.42688846588134766,
    "p95_latency_ms": 0.44018030166625977,
    "p99_latency_ms": 0.46712875366210954,
    "max_latency_ms": 0.4973411560058594,
    "throughput_qps": 2346.857654431513,
    "avg_saccade_ms": 0.0003794193267822266,
    "dhm_stats": {
      "size": 10000,
      "max_depth": 6,
      "cache_size": 4248,
      "gpu_available": true,
      "gpu_index_loaded": true,
      "max_path_len": 128
    },
    "meets_100ms_target": "True"
  },
  "gpu": {
    "mode": "gpu",
    "available": true,
    "num_concepts": 10000,
    "num_queries": 100,
    "insert_time_s": 0.02055525779724121,
    "avg_latency_ms": 0.4268765449523926,
    "p95_latency_ms": 0.44035911560058594,
    "max_latency_ms": 0.46181678771972656,
    "throughput_qps": 2342.59767097657,
    "meets_100ms_target": "True"
  },
  "scalability": {
    "sizes": [
      100,
      1000,
      10000,
      50000,
      100000
    ],
    "results": [
      {
        "size": 100,
        "avg_latency_ms": 0.06376028060913086,
        "complexity_ratio": 0.6376028060913086
      },
      {
        "size": 1000,
        "avg_latency_ms": 0.10245323181152344,
        "complexity_ratio": 0.10245323181152344
      },
      {
        "size": 10000,
        "avg_latency_ms": 0.4451751708984375,
        "complexity_ratio": 0.04451751708984375
      },
      {
        "size": 50000,
        "avg_latency_ms": 1.9592738151550293,
        "complexity_ratio": 0.03918547630310058
      },
      {
        "size": 100000,
        "avg_latency_ms": 4.339313507080078,
        "complexity_ratio": 0.04339313507080078
      }
    ],
    "is_linear_or_better": "True"
  },
  "passed": "True"
}