{
  "timestamp": "2025-12-17T10:32:57.341856",
  "phase": "2",
  "note": "ALL REAL MEASUREMENTS",
  "checkpoints": [
    "CP-2.1",
    "CP-2.2",
    "CP-2.3",
    "CP-2.4",
    "CP-2.5",
    "CP-2.6"
  ],
  "dhm": {
    "results": [
      {
        "size": 10000,
        "insert_time_s": 0.005525085000044783,
        "avg_latency_ms": 0.4548990001421771,
        "p95_latency_ms": 0.47790345033718035
      },
      {
        "size": 50000,
        "insert_time_s": 0.07465164200038998,
        "avg_latency_ms": 1.9258581199756009,
        "p95_latency_ms": 1.9469157503408496
      },
      {
        "size": 100000,
        "insert_time_s": 0.045780819998981315,
        "avg_latency_ms": 3.786027099995408,
        "p95_latency_ms": 3.7909820497588953
      },
      {
        "size": 250000,
        "insert_time_s": 0.12646257800042804,
        "avg_latency_ms": 9.373127740254859,
        "p95_latency_ms": 9.311763350160618
      },
      {
        "size": 500000,
        "insert_time_s": 0.26576967099936155,
        "avg_latency_ms": 18.891438760038,
        "p95_latency_ms": 18.668997649911034
      }
    ],
    "is_sublinear": "True"
  },
  "memoization": {
    "cold_ms": 16.971772000033525,
    "hot_ms": 0.0006455800030380487,
    "speedup": 26289.18479532467,
    "meets_target": true
  },
  "reliability": {
    "handoff_ms": 0.005697489996236982,
    "healing_rate": 100.0,
    "meets_target": true
  },
  "mpo": {
    "results": [
      {
        "size": "1024x1024",
        "compression": 5.017158058928794,
        "speedup": 1.302703645833045
      },
      {
        "size": "2048x2048",
        "compression": 5.018382652060092,
        "speedup": 1.925967497587825
      },
      {
        "size": "4096x4096",
        "compression": 5.006723790987416,
        "speedup": 1.1092447730678359
      }
    ],
    "best_compression": 5.018382652060092,
    "meets_target": true
  },
  "h100": {
    "tflops": 442.8456232942919,
    "power_w": 179.24,
    "meets_target": true
  },
  "energy": {
    "results": [
      {
        "n": 1000,
        "standard_time_ms": 0.05879660002392484,
        "standard_energy_j": 0.010492253274269387,
        "ctdr_time_ms": 0.12239750012668082,
        "ctdr_energy_j": 0.021939139910206903,
        "time_ratio": 0.4803741903476022,
        "energy_ratio": 0.4782436010350616
      },
      {
        "n": 5000,
        "standard_time_ms": 0.23120840014598798,
        "standard_energy_j": 0.04131231693808513,
        "ctdr_time_ms": 0.26223610002489295,
        "ctdr_energy_j": 0.04711727127197264,
        "time_ratio": 0.8816802878171249,
        "energy_ratio": 0.8767977394026096
      },
      {
        "n": 10000,
        "standard_time_ms": 0.7990399999471265,
        "standard_energy_j": 0.143551531190501,
        "ctdr_time_ms": 0.44161340010759886,
        "ctdr_energy_j": 0.07754731305889437,
        "time_ratio": 1.8093653855440999,
        "energy_ratio": 1.8511477126419433
      }
    ],
    "avg_energy_ratio": 1.0687296843598715,
    "n500k_standard": "OOM (500GB > 80GB H100)",
    "n500k_ctdr_ms": 33.42724699905375,
    "meets_target": true
  },
  "total_time_s": 40.83318090438843
}