{
  "timestamp": "2025-12-17 08:34:42",
  "checkpoint": "CP-2.3",
  "a2a": {
    "n_handoffs": 100,
    "avg_latency_ms": 0.021724700927734375,
    "p95_latency_ms": 0.03006458282470703,
    "max_latency_ms": 0.072479248046875,
    "target_ms": 100,
    "meets_target": "True"
  },
  "rep": {
    "similar_agents": {
      "consensus": 5.000213763263675,
      "divergence": 0.07806365962624173,
      "time_ms": 0.23484230041503906,
      "reached": true
    },
    "diverse_agents": {
      "consensus": null,
      "divergence": 0.11065308973099097,
      "time_ms": 0.07486343383789062,
      "reached": false
    }
  },
  "blame": {
    "total_operations": 100,
    "error_count": 20,
    "successful_recoveries": 17,
    "failed_recoveries": 3,
    "self_healing_rate": 0.85,
    "meets_target": false,
    "target": 0.9,
    "recovery_attempts": 20
  },
  "integrated": {
    "tasks_attempted": 50,
    "tasks_successful": 50,
    "task_success_rate": 1.0,
    "blame_stats": {
      "total_operations": 100,
      "error_count": 4,
      "successful_recoveries": 4,
      "failed_recoveries": 0,
      "self_healing_rate": 1.0,
      "meets_target": true,
      "target": 0.9,
      "recovery_attempts": 4
    }
  },
  "passed": false
}