{
  "timestamp": "2025-12-17 07:52:40",
  "checkpoint": "CP-2.2",
  "gpu_available": true,
  "padic_cpu": {
    "method": "padic",
    "gpu": false,
    "n_keys": 1000,
    "n_queries": 100,
    "total_time_ms": 74.26810264587402,
    "avg_time_ms": 0.7426810264587402,
    "throughput_qps": 1346.4730676751108
  },
  "padic_gpu": {
    "method": "padic",
    "gpu": true,
    "n_keys": 1000,
    "n_queries": 100,
    "total_time_ms": 69.22698020935059,
    "avg_time_ms": 0.6922698020935059,
    "throughput_qps": 1444.5235036627073
  },
  "standard": {
    "method": "standard",
    "n_keys": 1000,
    "n_queries": 100,
    "dim": 64,
    "total_time_ms": 4.485368728637695,
    "avg_time_ms": 0.04485368728637695,
    "throughput_qps": 22294.711104023812
  },
  "speedup": 0.060394281917028086,
  "complexity": {
    "sizes": [
      100,
      500,
      1000,
      5000,
      10000
    ],
    "padic_results": [
      {
        "method": "padic",
        "gpu": true,
        "n_keys": 100,
        "n_queries": 50,
        "total_time_ms": 6.617546081542969,
        "avg_time_ms": 0.13235092163085938,
        "throughput_qps": 7555.670845943219
      },
      {
        "method": "padic",
        "gpu": true,
        "n_keys": 500,
        "n_queries": 50,
        "total_time_ms": 29.68883514404297,
        "avg_time_ms": 0.5937767028808594,
        "throughput_qps": 1684.1347852622787
      },
      {
        "method": "padic",
        "gpu": true,
        "n_keys": 1000,
        "n_queries": 50,
        "total_time_ms": 58.562517166137695,
        "avg_time_ms": 1.171250343322754,
        "throughput_qps": 853.7884370330864
      },
      {
        "method": "padic",
        "gpu": true,
        "n_keys": 5000,
        "n_queries": 50,
        "total_time_ms": 183.88891220092773,
        "avg_time_ms": 3.6777782440185547,
        "throughput_qps": 271.90328879300284
      },
      {
        "method": "padic",
        "gpu": true,
        "n_keys": 10000,
        "n_queries": 50,
        "total_time_ms": 335.3719711303711,
        "avg_time_ms": 6.707439422607422,
        "throughput_qps": 149.08818954510426
      }
    ],
    "standard_results": [
      {
        "method": "standard",
        "n_keys": 100,
        "n_queries": 50,
        "dim": 64,
        "total_time_ms": 0.5052089691162109,
        "avg_time_ms": 0.010104179382324219,
        "throughput_qps": 98968.94761680037
      },
      {
        "method": "standard",
        "n_keys": 500,
        "n_queries": 50,
        "dim": 64,
        "total_time_ms": 1.874685287475586,
        "avg_time_ms": 0.03749370574951172,
        "throughput_qps": 26671.143329517996
      },
      {
        "method": "standard",
        "n_keys": 1000,
        "n_queries": 50,
        "dim": 64,
        "total_time_ms": 2.270221710205078,
        "avg_time_ms": 0.04540443420410156,
        "throughput_qps": 22024.28061331653
      },
      {
        "method": "standard",
        "n_keys": 5000,
        "n_queries": 50,
        "dim": 64,
        "total_time_ms": 5.807399749755859,
        "avg_time_ms": 0.11614799499511719,
        "throughput_qps": 8609.705230314476
      },
      {
        "n_keys": 10000,
        "avg_time_ms": null,
        "extrapolated": true
      }
    ],
    "padic_ratios": [
      0.8972762645914397,
      0.9862717227201182,
      0.6280089077429782,
      0.9118874191933991
    ],
    "avg_ratio": 0.8558610785619838,
    "is_linear": "True",
    "complexity": "O(N)"
  },
  "passed": "True"
}