{
  "timestamp": "2025-12-16 09:16:00",
  "results": {
    "performance": {
      "timestamp": "2025-12-16 09:16:00",
      "benchmarks": {
        "dpx_lcp_kernel": {
          "kernel": "DPX_LCP_Kernel(batch)",
          "results": [
            {
              "query_len": 2048,
              "num_candidates": 1024,
              "cpu_time_seconds": 0.01996674600013648,
              "cuda_time_seconds": 2.5858000299194828e-05,
              "speedup": 772.1689909934069,
              "correct": true,
              "meets_target": true
            },
            {
              "query_len": 2048,
              "num_candidates": 4096,
              "cpu_time_seconds": 0.1492820669991488,
              "cuda_time_seconds": 3.0064000384300016e-05,
              "speedup": 4965.4758212784855,
              "correct": true,
              "meets_target": true
            },
            {
              "query_len": 2048,
              "num_candidates": 16384,
              "cpu_time_seconds": 0.6063983530002588,
              "cuda_time_seconds": 5.381099981605075e-05,
              "speedup": 11269.040810860053,
              "correct": true,
              "meets_target": true
            }
          ],
          "average_speedup": 5668.895207710649,
          "meets_target": true
        },
        "reversible_einsum_engine": {
          "kernel": "Reversible_Einsum_Engine",
          "results": [
            {
              "size": "2\u00d72",
              "cpu_time_seconds": 0.0001987670002563391,
              "cuda_time_seconds": 0.0005759399991802638,
              "speedup": 0.34511754790298366,
              "correctness_match": true,
              "meets_target": false
            },
            {
              "size": "4\u00d74",
              "cpu_time_seconds": 6.114300049375743e-05,
              "cuda_time_seconds": 6.339500032481737e-05,
              "speedup": 0.9644766965924543,
              "correctness_match": true,
              "meets_target": false
            },
            {
              "size": "16\u00d716",
              "cpu_time_seconds": 0.0007368009992205771,
              "cuda_time_seconds": 6.392700015567243e-05,
              "speedup": 11.525662043054567,
              "correctness_match": true,
              "meets_target": true
            },
            {
              "size": "128\u00d7128",
              "cpu_time_seconds": 0.04694616999950085,
              "cuda_time_seconds": 0.0002116349987772992,
              "speedup": 221.82611699732004,
              "correctness_match": true,
              "meets_target": true
            }
          ],
          "average_speedup": 58.66534332121751,
          "meets_target": true
        },
        "kv_cache_steering": {
          "component": "KV_Cache_Steering_DPX",
          "results": [
            {
              "sram_size": 10,
              "l2_size": 100,
              "num_operations": 100,
              "baseline_time_seconds": 0.027386802999899373,
              "cached_time_seconds": 0.00013398100054473616,
              "latency_reduction": 204.4081092733364,
              "cache_hit_rate": 100.0,
              "meets_target": true
            },
            {
              "sram_size": 100,
              "l2_size": 1000,
              "num_operations": 100,
              "baseline_time_seconds": 0.027408586000092328,
              "cached_time_seconds": 0.00012189300105092116,
              "latency_reduction": 224.85775035305196,
              "cache_hit_rate": 100.0,
              "meets_target": true
            },
            {
              "sram_size": 1000,
              "l2_size": 10000,
              "num_operations": 100,
              "baseline_time_seconds": 0.027500292999320664,
              "cached_time_seconds": 0.00012510700071288738,
              "latency_reduction": 219.81418180132133,
              "cache_hit_rate": 100.0,
              "meets_target": true
            }
          ],
          "average_latency_reduction": 216.36001380923656,
          "meets_target": true
        }
      },
      "all_meet_target": true
    },
    "gpu_utilization": {
      "timestamp": "2025-12-16 09:16:14",
      "benchmarks": {
        "sm_utilization": {
          "sm_utilization_percent": 77.36842105263158,
          "average_utilization_percent": 77.36842105263158,
          "average_memory_utilization_percent": 25.05263157894737,
          "meets_target": true,
          "meets_goal": false,
          "metrics_history": [
            {
              "t": 0.35029144000145607,
              "gpu_utilization_percent": 0.0,
              "memory_utilization_percent": 0.0,
              "clocks_sm_mhz": 1755.0,
              "clocks_mem_mhz": 1593.0,
              "memory_used_mb": 524.0,
              "memory_total_mb": 81559.0,
              "power_draw_watts": 76.28,
              "temperature_gpu_c": 30.0
            },
            {
              "t": 0.6258351970009244,
              "gpu_utilization_percent": 0.0,
              "memory_utilization_percent": 0.0,
              "clocks_sm_mhz": 1755.0,
              "clocks_mem_mhz": 1593.0,
              "memory_used_mb": 524.0,
              "memory_total_mb": 81559.0,
              "power_draw_watts": 76.47,
              "temperature_gpu_c": 30.0
            },
            {
              "t": 0.9108714789999794,
              "gpu_utilization_percent": 0.0,
              "memory_utilization_percent": 0.0,
              "clocks_sm_mhz": 1755.0,
              "clocks_mem_mhz": 1593.0,
              "memory_used_mb": 524.0,
              "memory_total_mb": 81559.0,
              "power_draw_watts": 76.46,
              "temperature_gpu_c": 30.0
            },
            {
              "t": 1.185755099000744,
              "gpu_utilization_percent": 0.0,
              "memory_utilization_percent": 0.0,
              "clocks_sm_mhz": 1755.0,
              "clocks_mem_mhz": 1593.0,
              "memory_used_mb": 1006.0,
              "memory_total_mb": 81559.0,
              "power_draw_watts": 76.55,
              "temperature_gpu_c": 30.0
            },
            {
              "t": 1.47752870900149,
              "gpu_utilization_percent": 70.0,
              "memory_utilization_percent": 26.0,
              "clocks_sm_mhz": 885.0,
              "clocks_mem_mhz": 1593.0,
              "memory_used_mb": 1134.0,
              "memory_total_mb": 81559.0,
              "power_draw_watts": 155.11,
              "temperature_gpu_c": 38.0
            },
            {
              "t": 1.7592633660005959,
              "gpu_utilization_percent": 100.0,
              "memory_utilization_percent": 35.0,
              "clocks_sm_mhz": 1005.0,
              "clocks_mem_mhz": 1593.0,
              "memory_used_mb": 1134.0,
              "memory_total_mb": 81559.0,
              "power_draw_watts": 240.77,
              "temperature_gpu_c": 39.0
            },
            {
              "t": 2.04136372100038,
              "gpu_utilization_percent": 100.0,
              "memory_utilization_percent": 37.0,
              "clocks_sm_mhz": 855.0,
              "clocks_mem_mhz": 1593.0,
              "memory_used_mb": 1134.0,
              "memory_total_mb": 81559.0,
              "power_draw_watts": 334.64,
              "temperature_gpu_c": 39.0
            },
            {
              "t": 2.3251043770014803,
              "gpu_utilization_percent": 100.0,
              "memory_utilization_percent": 31.0,
              "clocks_sm_mhz": 885.0,
              "clocks_mem_mhz": 1593.0,
              "memory_used_mb": 1134.0,
              "memory_total_mb": 81559.0,
              "power_draw_watts": 375.11,
              "temperature_gpu_c": 39.0
            },
            {
              "t": 2.611108664999847,
              "gpu_utilization_percent": 100.0,
              "memory_utilization_percent": 30.0,
              "clocks_sm_mhz": 885.0,
              "clocks_mem_mhz": 1593.0,
              "memory_used_mb": 1134.0,
              "memory_total_mb": 81559.0,
              "power_draw_watts": 357.39,
              "temperature_gpu_c": 39.0
            },
            {
              "t": 2.92862439000055,
              "gpu_utilization_percent": 100.0,
              "memory_utilization_percent": 32.0,
              "clocks_sm_mhz": 990.0,
              "clocks_mem_mhz": 1593.0,
              "memory_used_mb": 1134.0,
              "memory_total_mb": 81559.0,
              "power_draw_watts": 352.5,
              "temperature_gpu_c": 41.0
            },
            {
              "t": 3.212580749001063,
              "gpu_utilization_percent": 100.0,
              "memory_utilization_percent": 30.0,
              "clocks_sm_mhz": 915.0,
              "clocks_mem_mhz": 1593.0,
              "memory_used_mb": 1134.0,
              "memory_total_mb": 81559.0,
              "power_draw_watts": 347.54,
              "temperature_gpu_c": 40.0
            },
            {
              "t": 3.494632410000122,
              "gpu_utilization_percent": 100.0,
              "memory_utilization_percent": 30.0,
              "clocks_sm_mhz": 885.0,
              "clocks_mem_mhz": 1593.0,
              "memory_used_mb": 1134.0,
              "memory_total_mb": 81559.0,
              "power_draw_watts": 347.38,
              "temperature_gpu_c": 40.0
            },
            {
              "t": 3.7809731110010034,
              "gpu_utilization_percent": 100.0,
              "memory_utilization_percent": 35.0,
              "clocks_sm_mhz": 975.0,
              "clocks_mem_mhz": 1593.0,
              "memory_used_mb": 1134.0,
              "memory_total_mb": 81559.0,
              "power_draw_watts": 352.64,
              "temperature_gpu_c": 41.0
            },
            {
              "t": 4.064342993000537,
              "gpu_utilization_percent": 100.0,
              "memory_utilization_percent": 34.0,
              "clocks_sm_mhz": 900.0,
              "clocks_mem_mhz": 1593.0,
              "memory_used_mb": 1134.0,
              "memory_total_mb": 81559.0,
              "power_draw_watts": 347.59,
              "temperature_gpu_c": 41.0
            },
            {
              "t": 4.350274713000545,
              "gpu_utilization_percent": 100.0,
              "memory_utilization_percent": 31.0,
              "clocks_sm_mhz": 900.0,
              "clocks_mem_mhz": 1593.0,
              "memory_used_mb": 1134.0,
              "memory_total_mb": 81559.0,
              "power_draw_watts": 347.43,
              "temperature_gpu_c": 40.0
            },
            {
              "t": 4.63448877600058,
              "gpu_utilization_percent": 100.0,
              "memory_utilization_percent": 31.0,
              "clocks_sm_mhz": 945.0,
              "clocks_mem_mhz": 1593.0,
              "memory_used_mb": 1134.0,
              "memory_total_mb": 81559.0,
              "power_draw_watts": 351.32,
              "temperature_gpu_c": 41.0
            },
            {
              "t": 4.9203010680012085,
              "gpu_utilization_percent": 100.0,
              "memory_utilization_percent": 34.0,
              "clocks_sm_mhz": 930.0,
              "clocks_mem_mhz": 1593.0,
              "memory_used_mb": 1134.0,
              "memory_total_mb": 81559.0,
              "power_draw_watts": 348.65,
              "temperature_gpu_c": 41.0
            },
            {
              "t": 5.204158407999785,
              "gpu_utilization_percent": 100.0,
              "memory_utilization_percent": 30.0,
              "clocks_sm_mhz": 900.0,
              "clocks_mem_mhz": 1593.0,
              "memory_used_mb": 1134.0,
              "memory_total_mb": 81559.0,
              "power_draw_watts": 347.38,
              "temperature_gpu_c": 41.0
            },
            {
              "t": 5.49111284600076,
              "gpu_utilization_percent": 100.0,
              "memory_utilization_percent": 30.0,
              "clocks_sm_mhz": 945.0,
              "clocks_mem_mhz": 1593.0,
              "memory_used_mb": 1134.0,
              "memory_total_mb": 81559.0,
              "power_draw_watts": 351.0,
              "temperature_gpu_c": 42.0
            }
          ],
          "workload": {
            "torch_matmul": {
              "available": true,
              "iters": 1669,
              "elapsed_seconds": 4.370266457999605,
              "shape": "8192x8192"
            }
          }
        },
        "memory_bandwidth": {
          "average_bandwidth_utilization_percent": 51.89053007257952,
          "meets_target": true,
          "meets_goal": false,
          "theoretical_max_gb_s": 3000.0,
          "measurements": [
            {
              "iteration": 0,
              "bytes_moved": 1073741824,
              "elapsed_ms": 0.6432960033416748,
              "bandwidth_gb_s": 1554.494346001507,
              "utilization_percent": 51.816478200050234
            },
            {
              "iteration": 1,
              "bytes_moved": 1073741824,
              "elapsed_ms": 0.6439999938011169,
              "bandwidth_gb_s": 1552.7950460024765,
              "utilization_percent": 51.75983486674922
            },
            {
              "iteration": 2,
              "bytes_moved": 1073741824,
              "elapsed_ms": 0.6405760049819946,
              "bandwidth_gb_s": 1561.095002345753,
              "utilization_percent": 52.03650007819177
            },
            {
              "iteration": 3,
              "bytes_moved": 1073741824,
              "elapsed_ms": 0.6430400013923645,
              "bandwidth_gb_s": 1555.1132088745887,
              "utilization_percent": 51.83710696248629
            },
            {
              "iteration": 4,
              "bytes_moved": 1073741824,
              "elapsed_ms": 0.6409919857978821,
              "bandwidth_gb_s": 1560.081907662603,
              "utilization_percent": 52.002730255420104
            }
          ]
        },
        "tensor_core_usage": {
          "average_tensor_core_usage_percent": 51.527485219894196,
          "meets_target": true,
          "meets_goal": false,
          "note": "Estimated via torch fp16 matmul throughput; CTDR kernel-specific TC usage needs Nsight counters.",
          "measurements": [
            {
              "op": "torch_fp16_matmul",
              "shape": "8192x8192 @ 8192x8192",
              "iters": 20,
              "elapsed_ms": 42.67670440673828,
              "tflops": 515.274852198942,
              "theoretical_tflops": 1000.0,
              "estimated_util_percent": 51.527485219894196
            }
          ]
        }
      },
      "plot_files": [
        "/root/tech-eldorado-infrastructure/prototypes/prototype_ctdr/benchmarks/results/plots/sm_utilization.png",
        "/root/tech-eldorado-infrastructure/prototypes/prototype_ctdr/benchmarks/results/plots/memory_bandwidth.png",
        "/root/tech-eldorado-infrastructure/prototypes/prototype_ctdr/benchmarks/results/plots/tensor_core_usage.png"
      ],
      "all_meet_target": true
    },
    "energy_efficiency": {
      "timestamp": "2025-12-16 09:16:41",
      "gpu_power_available": true,
      "config": {
        "baseline_seconds": 8.0,
        "ctdr_seconds": 8.0,
        "baseline_dim": 4096,
        "query_len": 2048,
        "num_candidates": 8192
      },
      "windows": {
        "baseline": {
          "name": "baseline_dot_product_retrieval",
          "workload": {
            "iterations": 114768,
            "elapsed_seconds": 8.00014151799951,
            "workload": "baseline_dot_product_retrieval",
            "dim": 4096,
            "num_candidates": 8192,
            "logical_ops": 114768
          },
          "power_samples": [
            {
              "t": 0.06460859300023003,
              "power_draw_watts": 255.03
            },
            {
              "t": 0.3457856189997983,
              "power_draw_watts": 209.27
            },
            {
              "t": 0.6268926689990622,
              "power_draw_watts": 170.78
            },
            {
              "t": 0.9123164100001304,
              "power_draw_watts": 188.92
            },
            {
              "t": 1.1956718309993448,
              "power_draw_watts": 218.02
            },
            {
              "t": 1.477216094999676,
              "power_draw_watts": 218.33
            },
            {
              "t": 1.764293797999926,
              "power_draw_watts": 218.46
            },
            {
              "t": 2.0460007749989018,
              "power_draw_watts": 218.49
            },
            {
              "t": 2.3282883100000618,
              "power_draw_watts": 218.37
            },
            {
              "t": 2.6106281529991975,
              "power_draw_watts": 218.2
            },
            {
              "t": 2.8926744670006883,
              "power_draw_watts": 218.22
            },
            {
              "t": 3.176656825000464,
              "power_draw_watts": 218.49
            },
            {
              "t": 3.4650066289996175,
              "power_draw_watts": 218.7
            },
            {
              "t": 3.747668813999553,
              "power_draw_watts": 218.63
            },
            {
              "t": 4.029920986000434,
              "power_draw_watts": 218.55
            },
            {
              "t": 4.312306977999469,
              "power_draw_watts": 218.45
            },
            {
              "t": 4.59647141700043,
              "power_draw_watts": 218.56
            },
            {
              "t": 4.876863770999989,
              "power_draw_watts": 218.9
            },
            {
              "t": 5.165238671999759,
              "power_draw_watts": 218.6
            },
            {
              "t": 5.4480020190003415,
              "power_draw_watts": 218.56
            },
            {
              "t": 5.7308642030002375,
              "power_draw_watts": 218.48
            },
            {
              "t": 6.016790575000414,
              "power_draw_watts": 218.99
            },
            {
              "t": 6.299610787000347,
              "power_draw_watts": 218.94
            },
            {
              "t": 6.582349305999742,
              "power_draw_watts": 218.94
            },
            {
              "t": 6.866404262000287,
              "power_draw_watts": 219.12
            },
            {
              "t": 7.149455288999889,
              "power_draw_watts": 219.1
            },
            {
              "t": 7.432541848000255,
              "power_draw_watts": 218.96
            },
            {
              "t": 7.717802455999845,
              "power_draw_watts": 219.13
            },
            {
              "t": 8.000724589999663,
              "power_draw_watts": 219.27
            }
          ],
          "average_power_watts": 216.91241379310344,
          "peak_power_watts": 255.03,
          "energy_joules": 1735.3300073556961,
          "energy_per_op_joules": 0.015120329772721456
        },
        "ctdr": {
          "name": "ctdr_lcp_retrieval",
          "workload": {
            "iterations": 235955,
            "elapsed_seconds": 8.000013523000234,
            "workload": "ctdr_lcp_retrieval",
            "query_len": 2048,
            "num_candidates": 8192,
            "logical_ops": 235955
          },
          "power_samples": [
            {
              "t": 0.051173548999940977,
              "power_draw_watts": 182.52
            },
            {
              "t": 0.36119315399992047,
              "power_draw_watts": 140.58
            },
            {
              "t": 0.6756501189993287,
              "power_draw_watts": 95.51
            },
            {
              "t": 0.9802470209997409,
              "power_draw_watts": 78.81
            },
            {
              "t": 1.274416571999609,
              "power_draw_watts": 78.73
            },
            {
              "t": 1.5709254079993116,
              "power_draw_watts": 78.67
            },
            {
              "t": 1.8734038540005713,
              "power_draw_watts": 78.54
            },
            {
              "t": 2.169938559000002,
              "power_draw_watts": 78.46
            },
            {
              "t": 2.482758678999744,
              "power_draw_watts": 78.39
            },
            {
              "t": 2.774498669999957,
              "power_draw_watts": 78.39
            },
            {
              "t": 3.0828263069997774,
              "power_draw_watts": 78.47
            },
            {
              "t": 3.3845787280006334,
              "power_draw_watts": 78.42
            },
            {
              "t": 3.6781464499999856,
              "power_draw_watts": 78.4
            },
            {
              "t": 3.97992918700038,
              "power_draw_watts": 78.33
            },
            {
              "t": 4.277405198999986,
              "power_draw_watts": 83.82
            },
            {
              "t": 4.579508484999678,
              "power_draw_watts": 92.18
            },
            {
              "t": 4.893912912000815,
              "power_draw_watts": 100.81
            },
            {
              "t": 5.214924212999904,
              "power_draw_watts": 106.91
            },
            {
              "t": 5.527901106999707,
              "power_draw_watts": 107.36
            },
            {
              "t": 5.840254069000366,
              "power_draw_watts": 107.72
            },
            {
              "t": 6.148021109000183,
              "power_draw_watts": 107.69
            },
            {
              "t": 6.466047969999636,
              "power_draw_watts": 107.69
            },
            {
              "t": 6.77901393799948,
              "power_draw_watts": 107.68
            },
            {
              "t": 7.098380179999367,
              "power_draw_watts": 107.69
            },
            {
              "t": 7.402075997000793,
              "power_draw_watts": 107.69
            },
            {
              "t": 7.723951117999604,
              "power_draw_watts": 107.66
            },
            {
              "t": 8.026640840000255,
              "power_draw_watts": 107.68
            },
            {
              "t": 8.324104683999394,
              "power_draw_watts": 107.68
            },
            {
              "t": 8.63713085299969,
              "power_draw_watts": 107.7
            },
            {
              "t": 8.945793281000078,
              "power_draw_watts": 107.7
            },
            {
              "t": 9.253693360000398,
              "power_draw_watts": 107.67
            },
            {
              "t": 9.556587949000459,
              "power_draw_watts": 107.67
            },
            {
              "t": 9.869912714000748,
              "power_draw_watts": 107.65
            },
            {
              "t": 10.19465774300079,
              "power_draw_watts": 107.66
            },
            {
              "t": 10.502665423000508,
              "power_draw_watts": 107.69
            },
            {
              "t": 10.805633482999838,
              "power_draw_watts": 107.68
            },
            {
              "t": 11.119069844000478,
              "power_draw_watts": 107.68
            },
            {
              "t": 11.432569840000724,
              "power_draw_watts": 107.65
            },
            {
              "t": 11.728559721999773,
              "power_draw_watts": 107.67
            },
            {
              "t": 12.036721602000398,
              "power_draw_watts": 107.69
            }
          ],
          "average_power_watts": 100.86474999999999,
          "peak_power_watts": 182.52,
          "energy_joules": 806.9193639940378,
          "energy_per_op_joules": 0.003419801928308524
        }
      },
      "delta": {
        "energy_per_query_ratio_baseline_over_ctdr": 4.421405125120845
      },
      "formulas": {
        "energy_joules_window": "E = avg_power_watts * elapsed_seconds",
        "energy_per_query_window": "E_q = energy_joules / queries",
        "ratio": "ratio = E_q_baseline / E_q_ctdr"
      }
    },
    "reliability": {
      "timestamp": "2025-12-16 09:16:42",
      "params": {
        "num_states": 32,
        "alphabet_size": 4,
        "num_sequences": 200,
        "sequence_length": 32,
        "seed": 123,
        "determinism_repeats": 3
      },
      "fsm_precision_percent": 100.0,
      "semantic_error_rate_percent": 0.0,
      "token_reduction_percent": 100.0,
      "determinism": {
        "non_deterministic_sequences": 0,
        "meets_target": true
      },
      "targets": {
        "fsm_precision_percent": 51.52,
        "token_reduction_percent": 31.0
      },
      "meets_target": {
        "fsm_precision": true,
        "token_reduction": true
      },
      "details": {
        "correct_sequences": 200,
        "total_sequences": 200,
        "mismatched_bits": 0,
        "total_bits": 204800,
        "kv_cache_stats": {
          "total_queries": 500,
          "cache_hits": 500,
          "cache_misses": 0,
          "cache_hit_rate": 100.0,
          "sram_hits": 500,
          "l2_hits": 0,
          "sram_size": 50,
          "l2_size": 0,
          "sram_capacity": 1024,
          "l2_capacity": 10000
        }
      },
      "notes": [
        "FSM task is implemented as boolean state-vector transitions (boolean matmul).",
        "CTDR path uses reversible_einsum; CPU baseline uses einsum_cpu.",
        "Semantic error rate is bit mismatch in state vectors across all steps."
      ]
    },
    "entropy": {
      "timestamp": "2025-12-16 09:16:42",
      "params": {
        "num_operations": 200,
        "unique_keys": 20
      },
      "information_entropy_bits": 0.06591441205470268,
      "thermodynamic": {
        "k_b": 1.380649e-23,
        "temperature_k": 300.0,
        "e_min_joules": 2.870978885078724e-21,
        "baseline_energy_joules": 5.741957770157448e-20,
        "rla_energy_joules": 5.741957770157448e-21,
        "energy_reduction_factor": 10.0
      },
      "baseline_stats": {
        "memory_writes": 20,
        "memory_reads": 0,
        "cache_hits": 199,
        "cache_misses": 1,
        "cache_hit_rate": 99.5
      },
      "rla_stats": {
        "memory_writes": 2,
        "memory_reads": 198,
        "cache_hits": 198,
        "cache_misses": 4,
        "cache_hit_rate": 98.01980198019803,
        "total_operations": 200,
        "memoization_cache_size": 2,
        "entropy_log_entries": 200
      },
      "comparison": {
        "write_reduction_factor": 10.0,
        "read_efficiency": 9.9,
        "energy_reduction_factor": 10.0,
        "target_reduction": 2.0,
        "meets_target": true
      },
      "meets_target": true,
      "notes": [
        "Information entropy is computed on the concatenated outputs (Shannon).",
        "Thermodynamic metric uses Landauer lower bound per erase (E_min).",
        "Baseline: no memoization (every operation = compute + write).",
        "RLA: with memoization (first compute + write, then read from cache).",
        "Cache hit rate: 98.02% (target: \u226580% for production)."
      ]
    },
    "kv_cache_latest": {
      "timestamp": 0,
      "lcp": [],
      "einsum": [],
      "gpu_metrics": "0, 1, 81559",
      "comprehensive_report": {
        "path": "/root/tech-eldorado-infrastructure/prototypes/prototype_ctdr/benchmarks/results/comprehensive_report.json",
        "timestamp": "2025-12-16 06:27:32"
      }
    }
  },
  "files": {
    "performance": "/root/tech-eldorado-infrastructure/prototypes/prototype_ctdr/benchmarks/results/performance.json",
    "gpu_utilization": "/root/tech-eldorado-infrastructure/prototypes/prototype_ctdr/benchmarks/results/gpu_utilization.json",
    "energy_efficiency": "/root/tech-eldorado-infrastructure/prototypes/prototype_ctdr/benchmarks/results/energy_efficiency.json",
    "reliability": "/root/tech-eldorado-infrastructure/prototypes/prototype_ctdr/benchmarks/results/reliability.json",
    "entropy": "/root/tech-eldorado-infrastructure/prototypes/prototype_ctdr/benchmarks/results/entropy.json",
    "kv_cache_latest": "/root/tech-eldorado-infrastructure/prototypes/prototype_ctdr/benchmarks/results/latest.json"
  },
  "summary": {
    "energy_ratio": 4.421405125120845,
    "fsm_precision": 100.0,
    "semantic_error_rate": 0.0,
    "token_reduction": 100.0,
    "write_reduction": 10.0,
    "energy_reduction": 10.0,
    "read_efficiency": 9.9,
    "cache_hit_rate": 98.01980198019803
  }
}