{
  "timestamp": "2025-12-16 09:16:41",
  "gpu_power_available": true,
  "config": {
    "baseline_seconds": 8.0,
    "ctdr_seconds": 8.0,
    "baseline_dim": 4096,
    "query_len": 2048,
    "num_candidates": 8192
  },
  "windows": {
    "baseline": {
      "name": "baseline_dot_product_retrieval",
      "workload": {
        "iterations": 114768,
        "elapsed_seconds": 8.00014151799951,
        "workload": "baseline_dot_product_retrieval",
        "dim": 4096,
        "num_candidates": 8192,
        "logical_ops": 114768
      },
      "power_samples": [
        {
          "t": 0.06460859300023003,
          "power_draw_watts": 255.03
        },
        {
          "t": 0.3457856189997983,
          "power_draw_watts": 209.27
        },
        {
          "t": 0.6268926689990622,
          "power_draw_watts": 170.78
        },
        {
          "t": 0.9123164100001304,
          "power_draw_watts": 188.92
        },
        {
          "t": 1.1956718309993448,
          "power_draw_watts": 218.02
        },
        {
          "t": 1.477216094999676,
          "power_draw_watts": 218.33
        },
        {
          "t": 1.764293797999926,
          "power_draw_watts": 218.46
        },
        {
          "t": 2.0460007749989018,
          "power_draw_watts": 218.49
        },
        {
          "t": 2.3282883100000618,
          "power_draw_watts": 218.37
        },
        {
          "t": 2.6106281529991975,
          "power_draw_watts": 218.2
        },
        {
          "t": 2.8926744670006883,
          "power_draw_watts": 218.22
        },
        {
          "t": 3.176656825000464,
          "power_draw_watts": 218.49
        },
        {
          "t": 3.4650066289996175,
          "power_draw_watts": 218.7
        },
        {
          "t": 3.747668813999553,
          "power_draw_watts": 218.63
        },
        {
          "t": 4.029920986000434,
          "power_draw_watts": 218.55
        },
        {
          "t": 4.312306977999469,
          "power_draw_watts": 218.45
        },
        {
          "t": 4.59647141700043,
          "power_draw_watts": 218.56
        },
        {
          "t": 4.876863770999989,
          "power_draw_watts": 218.9
        },
        {
          "t": 5.165238671999759,
          "power_draw_watts": 218.6
        },
        {
          "t": 5.4480020190003415,
          "power_draw_watts": 218.56
        },
        {
          "t": 5.7308642030002375,
          "power_draw_watts": 218.48
        },
        {
          "t": 6.016790575000414,
          "power_draw_watts": 218.99
        },
        {
          "t": 6.299610787000347,
          "power_draw_watts": 218.94
        },
        {
          "t": 6.582349305999742,
          "power_draw_watts": 218.94
        },
        {
          "t": 6.866404262000287,
          "power_draw_watts": 219.12
        },
        {
          "t": 7.149455288999889,
          "power_draw_watts": 219.1
        },
        {
          "t": 7.432541848000255,
          "power_draw_watts": 218.96
        },
        {
          "t": 7.717802455999845,
          "power_draw_watts": 219.13
        },
        {
          "t": 8.000724589999663,
          "power_draw_watts": 219.27
        }
      ],
      "average_power_watts": 216.91241379310344,
      "peak_power_watts": 255.03,
      "energy_joules": 1735.3300073556961,
      "energy_per_op_joules": 0.015120329772721456
    },
    "ctdr": {
      "name": "ctdr_lcp_retrieval",
      "workload": {
        "iterations": 235955,
        "elapsed_seconds": 8.000013523000234,
        "workload": "ctdr_lcp_retrieval",
        "query_len": 2048,
        "num_candidates": 8192,
        "logical_ops": 235955
      },
      "power_samples": [
        {
          "t": 0.051173548999940977,
          "power_draw_watts": 182.52
        },
        {
          "t": 0.36119315399992047,
          "power_draw_watts": 140.58
        },
        {
          "t": 0.6756501189993287,
          "power_draw_watts": 95.51
        },
        {
          "t": 0.9802470209997409,
          "power_draw_watts": 78.81
        },
        {
          "t": 1.274416571999609,
          "power_draw_watts": 78.73
        },
        {
          "t": 1.5709254079993116,
          "power_draw_watts": 78.67
        },
        {
          "t": 1.8734038540005713,
          "power_draw_watts": 78.54
        },
        {
          "t": 2.169938559000002,
          "power_draw_watts": 78.46
        },
        {
          "t": 2.482758678999744,
          "power_draw_watts": 78.39
        },
        {
          "t": 2.774498669999957,
          "power_draw_watts": 78.39
        },
        {
          "t": 3.0828263069997774,
          "power_draw_watts": 78.47
        },
        {
          "t": 3.3845787280006334,
          "power_draw_watts": 78.42
        },
        {
          "t": 3.6781464499999856,
          "power_draw_watts": 78.4
        },
        {
          "t": 3.97992918700038,
          "power_draw_watts": 78.33
        },
        {
          "t": 4.277405198999986,
          "power_draw_watts": 83.82
        },
        {
          "t": 4.579508484999678,
          "power_draw_watts": 92.18
        },
        {
          "t": 4.893912912000815,
          "power_draw_watts": 100.81
        },
        {
          "t": 5.214924212999904,
          "power_draw_watts": 106.91
        },
        {
          "t": 5.527901106999707,
          "power_draw_watts": 107.36
        },
        {
          "t": 5.840254069000366,
          "power_draw_watts": 107.72
        },
        {
          "t": 6.148021109000183,
          "power_draw_watts": 107.69
        },
        {
          "t": 6.466047969999636,
          "power_draw_watts": 107.69
        },
        {
          "t": 6.77901393799948,
          "power_draw_watts": 107.68
        },
        {
          "t": 7.098380179999367,
          "power_draw_watts": 107.69
        },
        {
          "t": 7.402075997000793,
          "power_draw_watts": 107.69
        },
        {
          "t": 7.723951117999604,
          "power_draw_watts": 107.66
        },
        {
          "t": 8.026640840000255,
          "power_draw_watts": 107.68
        },
        {
          "t": 8.324104683999394,
          "power_draw_watts": 107.68
        },
        {
          "t": 8.63713085299969,
          "power_draw_watts": 107.7
        },
        {
          "t": 8.945793281000078,
          "power_draw_watts": 107.7
        },
        {
          "t": 9.253693360000398,
          "power_draw_watts": 107.67
        },
        {
          "t": 9.556587949000459,
          "power_draw_watts": 107.67
        },
        {
          "t": 9.869912714000748,
          "power_draw_watts": 107.65
        },
        {
          "t": 10.19465774300079,
          "power_draw_watts": 107.66
        },
        {
          "t": 10.502665423000508,
          "power_draw_watts": 107.69
        },
        {
          "t": 10.805633482999838,
          "power_draw_watts": 107.68
        },
        {
          "t": 11.119069844000478,
          "power_draw_watts": 107.68
        },
        {
          "t": 11.432569840000724,
          "power_draw_watts": 107.65
        },
        {
          "t": 11.728559721999773,
          "power_draw_watts": 107.67
        },
        {
          "t": 12.036721602000398,
          "power_draw_watts": 107.69
        }
      ],
      "average_power_watts": 100.86474999999999,
      "peak_power_watts": 182.52,
      "energy_joules": 806.9193639940378,
      "energy_per_op_joules": 0.003419801928308524
    }
  },
  "delta": {
    "energy_per_query_ratio_baseline_over_ctdr": 4.421405125120845
  },
  "formulas": {
    "energy_joules_window": "E = avg_power_watts * elapsed_seconds",
    "energy_per_query_window": "E_q = energy_joules / queries",
    "ratio": "ratio = E_q_baseline / E_q_ctdr"
  }
}