{
  "timestamp": "2025-12-16 09:16:42",
  "params": {
    "num_operations": 200,
    "unique_keys": 20
  },
  "information_entropy_bits": 0.06591441205470268,
  "thermodynamic": {
    "k_b": 1.380649e-23,
    "temperature_k": 300.0,
    "e_min_joules": 2.870978885078724e-21,
    "baseline_energy_joules": 5.741957770157448e-20,
    "rla_energy_joules": 5.741957770157448e-21,
    "energy_reduction_factor": 10.0
  },
  "baseline_stats": {
    "memory_writes": 20,
    "memory_reads": 0,
    "cache_hits": 199,
    "cache_misses": 1,
    "cache_hit_rate": 99.5
  },
  "rla_stats": {
    "memory_writes": 2,
    "memory_reads": 198,
    "cache_hits": 198,
    "cache_misses": 4,
    "cache_hit_rate": 98.01980198019803,
    "total_operations": 200,
    "memoization_cache_size": 2,
    "entropy_log_entries": 200
  },
  "comparison": {
    "write_reduction_factor": 10.0,
    "read_efficiency": 9.9,
    "energy_reduction_factor": 10.0,
    "target_reduction": 2.0,
    "meets_target": true
  },
  "meets_target": true,
  "notes": [
    "Information entropy is computed on the concatenated outputs (Shannon).",
    "Thermodynamic metric uses Landauer lower bound per erase (E_min).",
    "Baseline: no memoization (every operation = compute + write).",
    "RLA: with memoization (first compute + write, then read from cache).",
    "Cache hit rate: 98.02% (target: \u226580% for production)."
  ]
}