{
  "timestamp": "2025-12-16 09:16:14",
  "benchmarks": {
    "sm_utilization": {
      "sm_utilization_percent": 77.36842105263158,
      "average_utilization_percent": 77.36842105263158,
      "average_memory_utilization_percent": 25.05263157894737,
      "meets_target": true,
      "meets_goal": false,
      "metrics_history": [
        {
          "t": 0.35029144000145607,
          "gpu_utilization_percent": 0.0,
          "memory_utilization_percent": 0.0,
          "clocks_sm_mhz": 1755.0,
          "clocks_mem_mhz": 1593.0,
          "memory_used_mb": 524.0,
          "memory_total_mb": 81559.0,
          "power_draw_watts": 76.28,
          "temperature_gpu_c": 30.0
        },
        {
          "t": 0.6258351970009244,
          "gpu_utilization_percent": 0.0,
          "memory_utilization_percent": 0.0,
          "clocks_sm_mhz": 1755.0,
          "clocks_mem_mhz": 1593.0,
          "memory_used_mb": 524.0,
          "memory_total_mb": 81559.0,
          "power_draw_watts": 76.47,
          "temperature_gpu_c": 30.0
        },
        {
          "t": 0.9108714789999794,
          "gpu_utilization_percent": 0.0,
          "memory_utilization_percent": 0.0,
          "clocks_sm_mhz": 1755.0,
          "clocks_mem_mhz": 1593.0,
          "memory_used_mb": 524.0,
          "memory_total_mb": 81559.0,
          "power_draw_watts": 76.46,
          "temperature_gpu_c": 30.0
        },
        {
          "t": 1.185755099000744,
          "gpu_utilization_percent": 0.0,
          "memory_utilization_percent": 0.0,
          "clocks_sm_mhz": 1755.0,
          "clocks_mem_mhz": 1593.0,
          "memory_used_mb": 1006.0,
          "memory_total_mb": 81559.0,
          "power_draw_watts": 76.55,
          "temperature_gpu_c": 30.0
        },
        {
          "t": 1.47752870900149,
          "gpu_utilization_percent": 70.0,
          "memory_utilization_percent": 26.0,
          "clocks_sm_mhz": 885.0,
          "clocks_mem_mhz": 1593.0,
          "memory_used_mb": 1134.0,
          "memory_total_mb": 81559.0,
          "power_draw_watts": 155.11,
          "temperature_gpu_c": 38.0
        },
        {
          "t": 1.7592633660005959,
          "gpu_utilization_percent": 100.0,
          "memory_utilization_percent": 35.0,
          "clocks_sm_mhz": 1005.0,
          "clocks_mem_mhz": 1593.0,
          "memory_used_mb": 1134.0,
          "memory_total_mb": 81559.0,
          "power_draw_watts": 240.77,
          "temperature_gpu_c": 39.0
        },
        {
          "t": 2.04136372100038,
          "gpu_utilization_percent": 100.0,
          "memory_utilization_percent": 37.0,
          "clocks_sm_mhz": 855.0,
          "clocks_mem_mhz": 1593.0,
          "memory_used_mb": 1134.0,
          "memory_total_mb": 81559.0,
          "power_draw_watts": 334.64,
          "temperature_gpu_c": 39.0
        },
        {
          "t": 2.3251043770014803,
          "gpu_utilization_percent": 100.0,
          "memory_utilization_percent": 31.0,
          "clocks_sm_mhz": 885.0,
          "clocks_mem_mhz": 1593.0,
          "memory_used_mb": 1134.0,
          "memory_total_mb": 81559.0,
          "power_draw_watts": 375.11,
          "temperature_gpu_c": 39.0
        },
        {
          "t": 2.611108664999847,
          "gpu_utilization_percent": 100.0,
          "memory_utilization_percent": 30.0,
          "clocks_sm_mhz": 885.0,
          "clocks_mem_mhz": 1593.0,
          "memory_used_mb": 1134.0,
          "memory_total_mb": 81559.0,
          "power_draw_watts": 357.39,
          "temperature_gpu_c": 39.0
        },
        {
          "t": 2.92862439000055,
          "gpu_utilization_percent": 100.0,
          "memory_utilization_percent": 32.0,
          "clocks_sm_mhz": 990.0,
          "clocks_mem_mhz": 1593.0,
          "memory_used_mb": 1134.0,
          "memory_total_mb": 81559.0,
          "power_draw_watts": 352.5,
          "temperature_gpu_c": 41.0
        },
        {
          "t": 3.212580749001063,
          "gpu_utilization_percent": 100.0,
          "memory_utilization_percent": 30.0,
          "clocks_sm_mhz": 915.0,
          "clocks_mem_mhz": 1593.0,
          "memory_used_mb": 1134.0,
          "memory_total_mb": 81559.0,
          "power_draw_watts": 347.54,
          "temperature_gpu_c": 40.0
        },
        {
          "t": 3.494632410000122,
          "gpu_utilization_percent": 100.0,
          "memory_utilization_percent": 30.0,
          "clocks_sm_mhz": 885.0,
          "clocks_mem_mhz": 1593.0,
          "memory_used_mb": 1134.0,
          "memory_total_mb": 81559.0,
          "power_draw_watts": 347.38,
          "temperature_gpu_c": 40.0
        },
        {
          "t": 3.7809731110010034,
          "gpu_utilization_percent": 100.0,
          "memory_utilization_percent": 35.0,
          "clocks_sm_mhz": 975.0,
          "clocks_mem_mhz": 1593.0,
          "memory_used_mb": 1134.0,
          "memory_total_mb": 81559.0,
          "power_draw_watts": 352.64,
          "temperature_gpu_c": 41.0
        },
        {
          "t": 4.064342993000537,
          "gpu_utilization_percent": 100.0,
          "memory_utilization_percent": 34.0,
          "clocks_sm_mhz": 900.0,
          "clocks_mem_mhz": 1593.0,
          "memory_used_mb": 1134.0,
          "memory_total_mb": 81559.0,
          "power_draw_watts": 347.59,
          "temperature_gpu_c": 41.0
        },
        {
          "t": 4.350274713000545,
          "gpu_utilization_percent": 100.0,
          "memory_utilization_percent": 31.0,
          "clocks_sm_mhz": 900.0,
          "clocks_mem_mhz": 1593.0,
          "memory_used_mb": 1134.0,
          "memory_total_mb": 81559.0,
          "power_draw_watts": 347.43,
          "temperature_gpu_c": 40.0
        },
        {
          "t": 4.63448877600058,
          "gpu_utilization_percent": 100.0,
          "memory_utilization_percent": 31.0,
          "clocks_sm_mhz": 945.0,
          "clocks_mem_mhz": 1593.0,
          "memory_used_mb": 1134.0,
          "memory_total_mb": 81559.0,
          "power_draw_watts": 351.32,
          "temperature_gpu_c": 41.0
        },
        {
          "t": 4.9203010680012085,
          "gpu_utilization_percent": 100.0,
          "memory_utilization_percent": 34.0,
          "clocks_sm_mhz": 930.0,
          "clocks_mem_mhz": 1593.0,
          "memory_used_mb": 1134.0,
          "memory_total_mb": 81559.0,
          "power_draw_watts": 348.65,
          "temperature_gpu_c": 41.0
        },
        {
          "t": 5.204158407999785,
          "gpu_utilization_percent": 100.0,
          "memory_utilization_percent": 30.0,
          "clocks_sm_mhz": 900.0,
          "clocks_mem_mhz": 1593.0,
          "memory_used_mb": 1134.0,
          "memory_total_mb": 81559.0,
          "power_draw_watts": 347.38,
          "temperature_gpu_c": 41.0
        },
        {
          "t": 5.49111284600076,
          "gpu_utilization_percent": 100.0,
          "memory_utilization_percent": 30.0,
          "clocks_sm_mhz": 945.0,
          "clocks_mem_mhz": 1593.0,
          "memory_used_mb": 1134.0,
          "memory_total_mb": 81559.0,
          "power_draw_watts": 351.0,
          "temperature_gpu_c": 42.0
        }
      ],
      "workload": {
        "torch_matmul": {
          "available": true,
          "iters": 1669,
          "elapsed_seconds": 4.370266457999605,
          "shape": "8192x8192"
        }
      }
    },
    "memory_bandwidth": {
      "average_bandwidth_utilization_percent": 51.89053007257952,
      "meets_target": true,
      "meets_goal": false,
      "theoretical_max_gb_s": 3000.0,
      "measurements": [
        {
          "iteration": 0,
          "bytes_moved": 1073741824,
          "elapsed_ms": 0.6432960033416748,
          "bandwidth_gb_s": 1554.494346001507,
          "utilization_percent": 51.816478200050234
        },
        {
          "iteration": 1,
          "bytes_moved": 1073741824,
          "elapsed_ms": 0.6439999938011169,
          "bandwidth_gb_s": 1552.7950460024765,
          "utilization_percent": 51.75983486674922
        },
        {
          "iteration": 2,
          "bytes_moved": 1073741824,
          "elapsed_ms": 0.6405760049819946,
          "bandwidth_gb_s": 1561.095002345753,
          "utilization_percent": 52.03650007819177
        },
        {
          "iteration": 3,
          "bytes_moved": 1073741824,
          "elapsed_ms": 0.6430400013923645,
          "bandwidth_gb_s": 1555.1132088745887,
          "utilization_percent": 51.83710696248629
        },
        {
          "iteration": 4,
          "bytes_moved": 1073741824,
          "elapsed_ms": 0.6409919857978821,
          "bandwidth_gb_s": 1560.081907662603,
          "utilization_percent": 52.002730255420104
        }
      ]
    },
    "tensor_core_usage": {
      "average_tensor_core_usage_percent": 51.527485219894196,
      "meets_target": true,
      "meets_goal": false,
      "note": "Estimated via torch fp16 matmul throughput; CTDR kernel-specific TC usage needs Nsight counters.",
      "measurements": [
        {
          "op": "torch_fp16_matmul",
          "shape": "8192x8192 @ 8192x8192",
          "iters": 20,
          "elapsed_ms": 42.67670440673828,
          "tflops": 515.274852198942,
          "theoretical_tflops": 1000.0,
          "estimated_util_percent": 51.527485219894196
        }
      ]
    }
  },
  "plot_files": [
    "/root/tech-eldorado-infrastructure/prototypes/prototype_ctdr/benchmarks/results/plots/sm_utilization.png",
    "/root/tech-eldorado-infrastructure/prototypes/prototype_ctdr/benchmarks/results/plots/memory_bandwidth.png",
    "/root/tech-eldorado-infrastructure/prototypes/prototype_ctdr/benchmarks/results/plots/tensor_core_usage.png"
  ],
  "all_meet_target": true
}