{
  "timestamp": "2025-12-16 09:16:00",
  "comprehensive_report": {
    "path": "/root/tech-eldorado-infrastructure/prototypes/prototype_ctdr/benchmarks/results/comprehensive_report.json",
    "timestamp": "2025-12-16 09:16:00"
  },
  "summary": {
    "energy_ratio": 4.421405125120845,
    "fsm_precision": 100.0,
    "semantic_error_rate": 0.0,
    "token_reduction": 100.0,
    "write_reduction": 10.0,
    "energy_reduction": 10.0,
    "read_efficiency": 9.9,
    "cache_hit_rate": 98.01980198019803
  },
  "status": {
    "performance": true,
    "gpu_utilization": true,
    "energy_efficiency": true,
    "reliability": true,
    "entropy": true
  }
}