{
  "timestamp": "2025-12-16 09:16:00",
  "benchmarks": {
    "dpx_lcp_kernel": {
      "kernel": "DPX_LCP_Kernel(batch)",
      "results": [
        {
          "query_len": 2048,
          "num_candidates": 1024,
          "cpu_time_seconds": 0.01996674600013648,
          "cuda_time_seconds": 2.5858000299194828e-05,
          "speedup": 772.1689909934069,
          "correct": true,
          "meets_target": true
        },
        {
          "query_len": 2048,
          "num_candidates": 4096,
          "cpu_time_seconds": 0.1492820669991488,
          "cuda_time_seconds": 3.0064000384300016e-05,
          "speedup": 4965.4758212784855,
          "correct": true,
          "meets_target": true
        },
        {
          "query_len": 2048,
          "num_candidates": 16384,
          "cpu_time_seconds": 0.6063983530002588,
          "cuda_time_seconds": 5.381099981605075e-05,
          "speedup": 11269.040810860053,
          "correct": true,
          "meets_target": true
        }
      ],
      "average_speedup": 5668.895207710649,
      "meets_target": true
    },
    "reversible_einsum_engine": {
      "kernel": "Reversible_Einsum_Engine",
      "results": [
        {
          "size": "2\u00d72",
          "cpu_time_seconds": 0.0001987670002563391,
          "cuda_time_seconds": 0.0005759399991802638,
          "speedup": 0.34511754790298366,
          "correctness_match": true,
          "meets_target": false
        },
        {
          "size": "4\u00d74",
          "cpu_time_seconds": 6.114300049375743e-05,
          "cuda_time_seconds": 6.339500032481737e-05,
          "speedup": 0.9644766965924543,
          "correctness_match": true,
          "meets_target": false
        },
        {
          "size": "16\u00d716",
          "cpu_time_seconds": 0.0007368009992205771,
          "cuda_time_seconds": 6.392700015567243e-05,
          "speedup": 11.525662043054567,
          "correctness_match": true,
          "meets_target": true
        },
        {
          "size": "128\u00d7128",
          "cpu_time_seconds": 0.04694616999950085,
          "cuda_time_seconds": 0.0002116349987772992,
          "speedup": 221.82611699732004,
          "correctness_match": true,
          "meets_target": true
        }
      ],
      "average_speedup": 58.66534332121751,
      "meets_target": true
    },
    "kv_cache_steering": {
      "component": "KV_Cache_Steering_DPX",
      "results": [
        {
          "sram_size": 10,
          "l2_size": 100,
          "num_operations": 100,
          "baseline_time_seconds": 0.027386802999899373,
          "cached_time_seconds": 0.00013398100054473616,
          "latency_reduction": 204.4081092733364,
          "cache_hit_rate": 100.0,
          "meets_target": true
        },
        {
          "sram_size": 100,
          "l2_size": 1000,
          "num_operations": 100,
          "baseline_time_seconds": 0.027408586000092328,
          "cached_time_seconds": 0.00012189300105092116,
          "latency_reduction": 224.85775035305196,
          "cache_hit_rate": 100.0,
          "meets_target": true
        },
        {
          "sram_size": 1000,
          "l2_size": 10000,
          "num_operations": 100,
          "baseline_time_seconds": 0.027500292999320664,
          "cached_time_seconds": 0.00012510700071288738,
          "latency_reduction": 219.81418180132133,
          "cache_hit_rate": 100.0,
          "meets_target": true
        }
      ],
      "average_latency_reduction": 216.36001380923656,
      "meets_target": true
    }
  },
  "all_meet_target": true
}