{
  "timestamp": "2025-12-16 09:16:42",
  "params": {
    "num_states": 32,
    "alphabet_size": 4,
    "num_sequences": 200,
    "sequence_length": 32,
    "seed": 123,
    "determinism_repeats": 3
  },
  "fsm_precision_percent": 100.0,
  "semantic_error_rate_percent": 0.0,
  "token_reduction_percent": 100.0,
  "determinism": {
    "non_deterministic_sequences": 0,
    "meets_target": true
  },
  "targets": {
    "fsm_precision_percent": 51.52,
    "token_reduction_percent": 31.0
  },
  "meets_target": {
    "fsm_precision": true,
    "token_reduction": true
  },
  "details": {
    "correct_sequences": 200,
    "total_sequences": 200,
    "mismatched_bits": 0,
    "total_bits": 204800,
    "kv_cache_stats": {
      "total_queries": 500,
      "cache_hits": 500,
      "cache_misses": 0,
      "cache_hit_rate": 100.0,
      "sram_hits": 500,
      "l2_hits": 0,
      "sram_size": 50,
      "l2_size": 0,
      "sram_capacity": 1024,
      "l2_capacity": 10000
    }
  },
  "notes": [
    "FSM task is implemented as boolean state-vector transitions (boolean matmul).",
    "CTDR path uses reversible_einsum; CPU baseline uses einsum_cpu.",
    "Semantic error rate is bit mismatch in state vectors across all steps."
  ]
}